season,version,episode_number_overall,episode,episode_label,episode_date,viewers,imdb_rating,n_ratings
1,US,1,1,Ep 1,2000-05-31,15510000,8,330
1,AU,1,1,Ep 1,2016-08-21,783000,7.9,42
1,SA,1,1,Ep 1,2006-09-03,NA,NA,NA
1,UK,1,1,Ep 1,NA,NA,NA,NA
1,NZ,1,1,Ep 1,2017-05-07,NA,6.7,9
1,US,2,2,Ep 2,2000-06-07,18100000,7.4,238
1,AU,2,2,Ep 2,2016-08-22,734000,7.7,31
1,SA,2,2,Ep 2,2006-09-10,NA,NA,NA
1,UK,2,2,Ep 2,NA,NA,NA,NA
1,NZ,2,2,Ep 2,2017-05-08,NA,6.5,8
1,US,3,3,Ep 3,2000-06-14,23250000,7.5,229
1,AU,3,3,Ep 3,2016-08-28,662000,7.9,30
1,SA,3,3,Ep 3,2006-09-17,NA,NA,NA
1,UK,3,3,Ep 3,NA,NA,NA,NA
1,NZ,3,3,Ep 3,2017-05-14,NA,6.4,7
1,US,4,4,Ep 4,2000-06-21,24200000,7.4,217
1,AU,4,4,Ep 4,2016-08-29,677000,7.6,31
1,SA,4,4,Ep 4,2006-09-24,NA,NA,NA
1,UK,4,4,Ep 4,NA,NA,NA,NA
1,NZ,4,4,Ep 4,2017-05-15,NA,6.4,7
1,US,5,5,Ep 5,2000-06-28,23980000,7.3,215
1,AU,5,5,Ep 5,2016-08-30,728000,8.5,33
1,SA,5,5,Ep 5,2006-10-01,NA,NA,NA
1,UK,5,5,Ep 5,NA,NA,NA,NA
1,NZ,5,5,Ep 5,2017-05-21,NA,6.3,7
1,US,6,6,Ep 6,2000-07-05,24500000,7.4,211
1,AU,6,6,Ep 6,2016-09-04,560000,7.5,29
1,SA,6,6,Ep 6,2006-10-08,NA,NA,NA
1,UK,6,6,Ep 6,NA,NA,NA,NA
1,NZ,6,6,Ep 6,2017-05-22,NA,6.3,7
1,US,7,7,Ep 7,2000-07-12,24500000,7.8,210
1,AU,7,7,Ep 7,2016-09-05,662000,7.7,29
1,SA,7,7,Ep 7,2006-10-15,NA,NA,NA
1,UK,7,7,Ep 7,NA,NA,NA,NA
1,NZ,7,7,Ep 7,2017-05-28,NA,6.5,6
1,US,8,8,Ep 8,2000-07-19,26150000,7.5,208
1,AU,8,8,Ep 8,2016-09-06,717000,7.7,30
1,SA,8,8,Ep 8,2006-10-22,NA,NA,NA
1,UK,8,8,Ep 8,NA,NA,NA,NA
1,NZ,8,8,Ep 8,2017-05-29,NA,6.6,7
1,US,9,9,Ep 9,2000-07-26,27180000,7.5,202
1,AU,9,9,Ep 9,2016-09-11,586000,8.2,29
1,SA,9,9,Ep 9,2006-10-29,NA,NA,NA
1,UK,9,9,Ep 9,NA,NA,NA,NA
1,NZ,9,9,Ep 9,2017-06-04,NA,6.3,7
1,US,10,10,Ep 10,2000-08-02,27410000,7.4,202
1,AU,10,10,Ep 10,2016-09-12,672000,7.4,27
1,SA,10,10,Ep 10,2006-11-05,NA,NA,NA
1,UK,10,10,Ep 10,NA,NA,NA,NA
1,NZ,10,10,Ep 10,2017-06-05,NA,6.1,7
1,US,11,11,Ep 11,2000-08-09,28000000,7.6,202
1,AU,11,11,Ep 11,2016-09-13,690000,7.7,28
1,SA,11,11,Ep 11,2006-11-12,NA,NA,NA
1,UK,11,11,Ep 11,NA,NA,NA,NA
1,NZ,11,11,Ep 11,2017-06-11,NA,6.1,7
1,US,12,12,Ep 12,2000-08-16,28670000,7.6,202
1,AU,12,12,Ep 12,2016-09-18,649000,8.4,31
1,SA,12,12,Ep 12,2006-11-19,NA,NA,NA
1,UK,12,12,Ep 12,NA,NA,NA,NA
1,NZ,12,12,Ep 12,2017-06-12,NA,6.3,7
1,US,13,13,Finale,2000-08-23,51690000,8.5,259
1,AU,13,13,Ep 13,2016-09-19,699000,7.2,29
1,SA,13,13,Finale,2006-11-26,NA,NA,NA
1,UK,13,13,Ep 13,NA,NA,NA,NA
1,NZ,13,13,Ep 13,2017-06-18,NA,6.2,6
2,US,14,1,Ep 1,2001-01-28,45370000,7.7,242
1,AU,14,14,Ep 14,2016-09-20,699000,7.9,27
2,SA,14,1,Ep 1,2007-08-22,NA,NA,NA
1,UK,14,14,Finale,NA,NA,NA,NA
1,NZ,14,14,Ep 14,2017-06-19,NA,6,6
2,US,15,2,Ep 2,2001-02-01,29040000,7.6,190
1,AU,15,15,Ep 15,2016-09-25,568000,7.5,25
2,SA,15,2,Ep 2,2007-08-29,NA,NA,NA
2,UK,15,1,Ep 1,2002-03-13,NA,NA,NA
1,NZ,15,15,Ep 15,2017-06-25,NA,5.4,7
2,US,16,3,Ep 3,2001-02-08,29040000,7.5,194
1,AU,16,16,Ep 16,2016-09-26,654000,7.6,27
2,SA,16,3,Ep 3,2007-09-05,NA,NA,NA
2,UK,16,2,Ep 2,2002-03-20,NA,NA,NA
1,NZ,16,16,Ep 16,2017-06-26,NA,5.4,7
2,US,17,4,Ep 4,2001-02-15,28230000,7.5,195
1,AU,17,17,Ep 17,2016-09-27,691000,7.5,27
2,SA,17,4,Ep 4,2007-09-12,NA,NA,NA
2,UK,17,3,Ep 3,2002-03-27,NA,NA,NA
1,NZ,17,17,Ep 17,2017-07-02,NA,5.7,7
2,US,18,5,Ep 5,2001-02-22,28780000,7.6,191
1,AU,18,18,Ep 18,2016-10-03,684000,7.3,26
2,SA,18,5,Ep 5,2007-09-19,NA,NA,NA
2,UK,18,4,Ep 4,2002-04-03,NA,NA,NA
1,NZ,18,18,Ep 18,2017-07-03,NA,5.6,7
2,US,19,6,Ep 6,2001-03-01,31320000,8.4,213
1,AU,19,19,Ep 19,2016-10-04,660000,7.4,24
2,SA,19,6,Ep 6,2007-09-26,NA,NA,NA
2,UK,19,5,Ep 5,2002-04-10,NA,NA,NA
1,NZ,19,19,Ep 19,2017-07-04,NA,5.3,6
2,US,20,7,Ep 7,2001-03-08,28720000,7.8,194
1,AU,20,20,Ep 20,2016-10-09,708000,7.3,24
2,SA,20,7,Ep 7,2007-10-03,NA,NA,NA
2,UK,20,6,Ep 6,2002-04-17,NA,NA,NA
1,NZ,20,20,Finale,2017-07-05,NA,5.8,6
2,US,21,8,Ep 8,2001-03-14,28460000,7.3,191
1,AU,21,21,Ep 21,2016-10-10,760000,7.8,26
2,SA,21,8,Ep 8,2007-10-10,NA,NA,NA
2,UK,21,7,Ep 7,2002-04-24,NA,NA,NA
2,NZ,21,1,Ep 1,2018-04-22,NA,7.1,8
2,US,22,9,Recap,2001-03-21,22930000,6.1,132
1,AU,22,22,Ep 22,2016-10-16,660000,7.3,25
2,SA,22,9,Ep 9,2007-10-17,NA,NA,NA
2,UK,22,8,Ep 8,2002-05-01,NA,NA,NA
2,NZ,22,2,Ep 2,2018-04-29,NA,7.8,7
2,US,23,10,Ep 10,2001-03-29,28120000,7.7,189
1,AU,23,23,Ep 23,2016-10-17,760000,7.3,24
2,SA,23,10,Ep 10,2007-10-24,NA,NA,NA
2,UK,23,9,Ep 9,2002-05-08,NA,NA,NA
2,NZ,23,3,Ep 3,2018-05-06,NA,7.8,7
2,US,24,11,Ep 11,2001-04-05,27710000,7.6,187
1,AU,24,24,Ep 24,2016-10-23,714000,7.8,25
2,SA,24,11,Ep 11,2007-10-31,NA,NA,NA
2,UK,24,10,Ep 10,2002-05-15,NA,NA,NA
2,NZ,24,4,Ep 4,2018-05-13,NA,NA,NA
2,US,25,12,Ep 12,2001-04-12,27550000,7.7,194
1,AU,25,25,Ep 25,2016-10-24,750000,7.7,24
2,SA,25,12,Ep 12,2007-11-08,NA,NA,NA
2,UK,25,11,Ep 11,2002-05-22,NA,NA,NA
2,NZ,25,5,Ep 5,2018-05-20,NA,NA,NA
2,US,26,13,Ep 13,2001-04-19,28410000,7.5,192
1,AU,26,26,Finale,2016-10-25,859000,8.5,39
2,SA,26,13,Finale,2007-11-14,NA,NA,NA
2,UK,26,12,Finale,2002-05-29,NA,NA,NA
2,NZ,26,6,Ep 6,2018-05-27,NA,NA,NA
2,US,27,14,Ep 14,2001-04-26,26890000,7.2,183
2,AU,27,1,Ep 1,2017-07-30,639000,8.1,31
3,SA,27,1,Ep 1,2010-01-20,NA,NA,NA
3,UK,27,1,Ep 1,2023-10-28,NA,7.9,16
2,NZ,27,7,Ep 7,2018-06-03,NA,NA,NA
2,US,28,15,Finale,2001-05-03,36350000,7.7,197
2,AU,28,2,Ep 2,2017-07-31,656000,8.2,30
3,SA,28,2,Ep 2,2010-01-27,NA,NA,NA
3,UK,28,2,Ep 2,2023-10-29,NA,8.2,12
2,NZ,28,8,Ep 8,2018-06-10,NA,NA,NA
3,US,29,1,Ep 1,2001-10-11,23840000,7.5,147
2,AU,29,3,Ep 3,2017-08-01,600000,8.2,28
3,SA,29,3,Ep 3,2010-02-03,NA,NA,NA
3,UK,29,3,Ep 3,2023-11-04,NA,8.3,11
2,NZ,29,9,Ep 9,2018-06-17,NA,NA,NA
3,US,30,2,Ep 2,2001-10-18,19590000,7.4,142
2,AU,30,4,Ep 4,2017-08-06,606000,8.1,28
3,SA,30,4,Ep 4,2010-02-10,NA,NA,NA
3,UK,30,4,Ep 4,2023-11-05,NA,8.3,10
2,NZ,30,10,Ep 10,2018-06-24,NA,NA,NA
3,US,31,3,Ep 3,2001-10-25,20430000,7.4,140
2,AU,31,5,Ep 5,2017-08-07,637000,8.5,31
3,SA,31,5,Ep 5,2010-02-17,NA,NA,NA
3,UK,31,5,Ep 5,2023-11-11,NA,8.2,10
2,NZ,31,11,Ep 11,2018-07-01,NA,NA,NA
3,US,32,4,Ep 4,2001-11-01,18730000,7.4,137
2,AU,32,6,Ep 6,2017-08-13,622000,8,26
3,SA,32,6,Ep 6,2010-02-24,NA,NA,NA
3,UK,32,6,Ep 6,2023-11-12,NA,8.3,10
2,NZ,32,12,Ep 12,2018-07-08,NA,NA,NA
3,US,33,5,Ep 5,2001-11-08,20550000,7.8,141
2,AU,33,7,Ep 7,2017-08-14,625000,7.9,26
3,SA,33,7,Ep 7,2010-03-03,NA,NA,NA
3,UK,33,7,Ep 7,2023-11-18,NA,8.4,7
2,NZ,33,13,Ep 13,2018-07-15,NA,NA,NA
3,US,34,6,Ep 6,2001-11-15,19710000,7.6,145
2,AU,34,8,Ep 8,2017-08-20,633000,8,28
3,SA,34,8,Ep 8,2010-03-10,NA,NA,NA
3,UK,34,8,Ep 8,2023-11-19,NA,8,7
2,NZ,34,14,Ep 14,2018-07-22,NA,NA,NA
3,US,35,7,Ep 7,2001-11-22,17700000,7.5,132
2,AU,35,9,Ep 9,2017-08-21,611000,8.3,28
3,SA,35,9,Ep 9,2010-03-17,NA,NA,NA
3,UK,35,9,Ep 9,2023-11-25,NA,7.8,5
2,NZ,35,15,Finale,2018-07-29,NA,NA,NA
3,US,36,8,Recap,2001-11-29,17800000,6.7,107
2,AU,36,10,Ep 10,2017-08-27,607000,8.1,27
3,SA,36,10,Ep 10,2010-03-24,NA,NA,NA
3,UK,36,10,Ep 10,2023-11-25,NA,7.6,5
3,US,37,9,Ep 9,2001-12-06,19280000,7.6,131
2,AU,37,11,Ep 11,2017-08-28,575000,7.8,27
3,SA,37,11,Ep 11,2010-03-31,NA,NA,NA
3,UK,37,11,Ep 11,2023-12-02,NA,7.6,5
3,US,38,10,Ep 10,2001-12-13,18390000,7.5,132
2,AU,38,12,Ep 12,2017-09-03,574000,8.3,27
3,SA,38,12,Ep 12,2010-04-07,NA,NA,NA
3,UK,38,12,Ep 12,2023-12-02,NA,7.6,5
3,US,39,11,Ep 11,2001-12-20,19600000,7.3,133
2,AU,39,13,Ep 13,2017-09-04,617000,8.3,28
3,SA,39,13,Ep 13,2010-04-14,NA,NA,NA
3,UK,39,13,Ep 13,2023-12-09,NA,7,5
3,US,40,12,Ep 12,2001-12-27,18920000,7.3,130
2,AU,40,14,Ep 14,2017-09-10,603000,8.3,28
3,SA,40,14,Finale,2010-04-21,NA,NA,NA
3,UK,40,14,Ep 14,2023-12-02,NA,8,6
3,US,41,13,Ep 13,2002-01-03,21310000,7.1,133
2,AU,41,15,Ep 15,2017-09-11,595000,8.1,28
4,SA,41,1,Ep 1,2011-02-24,NA,NA,NA
3,UK,41,15,Ep 15,2023-12-02,NA,7.3,7
3,US,42,14,Finale,2002-01-10,27260000,7.7,128
2,AU,42,16,Ep 16,2017-09-17,567000,8.3,27
4,SA,42,2,Ep 2,2011-03-03,NA,NA,NA
3,UK,42,16,Finale,2023-12-09,NA,6.9,8
4,US,43,1,Ep 1,2002-02-28,23190000,7.4,138
2,AU,43,17,Ep 17,2017-09-18,559000,8.5,27
4,SA,43,3,Ep 3,2011-03-10,NA,NA,NA
4,US,44,2,Ep 2,2002-03-07,23400000,7.8,121
2,AU,44,18,Ep 18,2017-09-19,567000,8.7,28
4,SA,44,4,Ep 4,2011-03-17,NA,NA,NA
4,US,45,3,Ep 3,2002-03-13,20460000,7.7,125
2,AU,45,19,Ep 19,2017-09-24,570000,8.7,28
4,SA,45,5,Ep 5,2011-03-24,NA,NA,NA
4,US,46,4,Ep 4,2002-03-20,22810000,7.5,123
2,AU,46,20,Ep 20,2017-09-25,625000,8,26
4,SA,46,6,Ep 6,2011-03-31,NA,NA,NA
4,US,47,5,Ep 5,2002-03-28,20540000,7.9,123
2,AU,47,21,Ep 21,2017-09-26,625000,8.1,26
4,SA,47,7,Ep 7,2011-04-07,NA,NA,NA
4,US,48,6,Ep 6,2002-04-04,22170000,7.9,123
2,AU,48,22,Ep 22,2017-10-02,617000,7.9,26
4,SA,48,8,Ep 8,2011-04-14,NA,NA,NA
4,US,49,7,Ep 7,2002-04-11,19340000,8,127
2,AU,49,23,Ep 23,2017-10-03,595000,7.8,26
4,SA,49,9,Ep 9,2011-04-21,NA,NA,NA
4,US,50,8,Ep 8,2002-04-18,19880000,8,127
2,AU,50,24,Ep 24,2017-10-08,644000,7.6,26
4,SA,50,10,Ep 10,2011-04-28,NA,NA,NA
4,US,51,9,Recap,2002-04-24,12500000,6.8,100
2,AU,51,25,Ep 25,2017-10-09,669000,8.4,25
4,SA,51,11,Ep 11,2011-05-05,NA,NA,NA
4,US,52,10,Ep 10,2002-04-25,19420000,7.8,123
2,AU,52,26,Finale,2017-10-10,720000,8.2,27
4,SA,52,12,Ep 12,2011-05-12,NA,NA,NA
4,US,53,11,Ep 11,2002-05-02,19600000,7.7,123
3,AU,53,1,Ep 1,2018-08-01,716000,8.5,30
4,SA,53,13,Finale,2011-05-19,NA,NA,NA
4,US,54,12,Ep 12,2002-05-09,20830000,7.8,116
3,AU,54,2,Ep 2,2018-08-02,615000,8.4,21
5,SA,54,1,Ep 1,2014-01-19,NA,NA,NA
4,US,55,13,Ep 13,2002-05-16,19150000,8.1,119
3,AU,55,3,Ep 3,2018-08-06,592000,7.6,20
5,SA,55,2,Ep 2,2014-01-26,NA,NA,NA
4,US,56,14,Finale,2002-05-19,25870000,7.9,121
3,AU,56,4,Ep 4,2018-08-07,610000,7.9,19
5,SA,56,3,Ep 3,2014-02-02,NA,NA,NA
5,US,57,1,Ep 1,2002-09-19,23050000,7.4,131
3,AU,57,5,Ep 5,2018-08-08,620000,7.8,19
5,SA,57,4,Ep 4,2014-02-09,NA,NA,NA
5,US,58,2,Ep 2,2002-09-26,21720000,7.7,114
3,AU,58,6,Ep 6,2018-08-09,664000,8.2,19
5,SA,58,5,Ep 5,2014-02-16,NA,NA,NA
5,US,59,3,Ep 3,2002-10-03,21460000,7.7,116
3,AU,59,7,Ep 7,2018-08-13,651000,8,19
5,SA,59,6,Ep 6,2014-02-23,NA,NA,NA
5,US,60,4,Ep 4,2002-10-10,21160000,7.7,120
3,AU,60,8,Ep 8,2018-08-14,634000,8.5,21
5,SA,60,7,Ep 7,2014-03-02,NA,NA,NA
5,US,61,5,Ep 5,2002-10-17,22690000,7.7,117
3,AU,61,9,Ep 9,2018-08-20,666000,8.5,25
5,SA,61,8,Ep 8,2014-03-09,NA,NA,NA
5,US,62,6,Ep 6,2002-10-24,20940000,7.8,118
3,AU,62,10,Ep 10,2018-08-21,661000,7.6,19
5,SA,62,9,Ep 9,2014-03-16,NA,NA,NA
5,US,63,7,Ep 7,2002-10-31,18790000,7.8,115
3,AU,63,11,Ep 11,2018-08-27,674000,8.5,19
5,SA,63,10,Ep 10,2014-03-23,NA,NA,NA
5,US,64,8,Ep 8,2002-11-07,19050000,7.7,116
3,AU,64,12,Ep 12,2018-08-28,667000,8.3,20
5,SA,64,11,Ep 11,2014-03-30,NA,NA,NA
5,US,65,9,Ep 9,2002-11-14,21620000,7.4,113
3,AU,65,13,Ep 13,2018-09-03,640000,7.9,19
5,SA,65,12,Ep 12,2014-04-06,NA,NA,NA
5,US,66,10,Ep 10,2002-11-21,19610000,7.4,113
3,AU,66,14,Ep 14,2018-09-04,668000,8.5,23
5,SA,66,13,Ep 13,2014-04-13,NA,NA,NA
5,US,67,11,Recap,2002-11-27,12400000,7,98
3,AU,67,15,Ep 15,2018-09-10,654000,7.9,19
5,SA,67,14,Ep 14,2014-04-14,NA,NA,NA
5,US,68,12,Ep 12,2002-12-05,21390000,7.2,118
3,AU,68,16,Ep 16,2018-09-11,664000,8.4,19
5,SA,68,15,Ep 15,2014-04-27,NA,NA,NA
5,US,69,13,Ep 13,2002-12-12,19000000,7.7,114
3,AU,69,17,Ep 17,2018-09-17,732000,9.4,28
5,SA,69,16,Ep 16,2014-05-04,NA,NA,NA
5,US,70,14,Finale,2002-12-19,24080000,7.7,121
3,AU,70,18,Ep 18,2018-09-18,654000,8.8,22
5,SA,70,17,Ep 17,2014-05-11,NA,NA,NA
6,US,71,1,Ep 1,2003-02-13,23260000,8,261
3,AU,71,19,Ep 19,2018-09-24,627000,8,19
5,SA,71,18,Finale,2014-05-18,NA,NA,NA
6,US,72,2,Ep 2,2003-02-20,20340000,7.7,228
3,AU,72,20,Ep 20,2018-09-25,696000,8.1,19
6,SA,72,1,Ep 1,2018-05-03,NA,9,15
6,US,73,3,Ep 3,2003-02-27,22370000,7.8,230
3,AU,73,21,Ep 21,2018-10-01,645000,8.1,19
6,SA,73,2,Ep 2,2018-05-10,NA,9,6
6,US,74,4,Ep 4,2003-03-06,23330000,7.7,226
3,AU,74,22,Ep 22,2018-10-02,732000,8.6,22
6,SA,74,3,Ep 3,2018-05-17,NA,8.4,5
6,US,75,5,Ep 5,2003-03-13,21050000,7.9,211
3,AU,75,23,Ep 23,2018-10-08,793000,8.3,20
6,SA,75,4,Ep 4,2018-05-24,NA,8,5
6,US,76,6,Ep 6,2003-03-19,16420000.000000002,7.8,226
3,AU,76,24,Finale,2018-10-09,862000,8.6,19
6,SA,76,5,Ep 5,2018-05-31,NA,8.4,5
6,US,77,7,Ep 7,2003-03-26,16670000.000000002,8.4,240
4,AU,77,1,Ep 1,2019-07-24,807000,8.4,51
6,SA,77,6,Ep 6,2018-06-07,NA,8,5
6,US,78,8,Ep 8,2003-04-03,19800000,7.7,222
4,AU,78,2,Ep 2,2019-07-25,712000,7.9,45
6,SA,78,7,Ep 7,2018-06-14,NA,8,5
6,US,79,9,Ep 9,2003-04-10,19080000,7.8,219
4,AU,79,3,Ep 3,2019-07-28,562000,8.5,42
6,SA,79,8,Ep 8,2018-06-21,NA,8,5
6,US,80,10,Recap,2003-04-17,14230000,7.5,121
4,AU,80,4,Ep 4,2019-07-29,655000,8.3,42
6,SA,80,9,Ep 9,2018-06-28,NA,8.4,5
6,US,81,11,Ep 11,2003-04-24,18090000,8,224
4,AU,81,5,Ep 5,2019-07-30,641000,8.6,41
6,SA,81,10,Ep 10,2018-07-05,NA,8.8,6
6,US,82,12,Ep 12,2003-05-01,17650000,7.9,223
4,AU,82,6,Ep 6,2019-08-04,630000,8.3,39
6,SA,82,11,Ep 11,2018-07-12,NA,8.2,5
6,US,83,13,Ep 13,2003-05-08,18990000,8,209
4,AU,83,7,Ep 7,2019-08-05,713000,8.8,45
6,SA,83,12,Ep 12,2018-07-19,NA,8.2,5
6,US,84,14,Finale,2003-05-11,22290000,7.8,229
4,AU,84,8,Ep 8,2019-08-06,723000,8.1,38
6,SA,84,13,Ep 13,2018-07-26,NA,8.2,5
7,US,85,1,Ep 1,2003-09-18,21500000,8.8,289
4,AU,85,9,Ep 9,2019-08-11,693000,8.1,42
6,SA,85,14,Ep 14,2018-08-02,NA,8.4,5
7,US,86,2,Ep 2,2003-09-25,19860000,8.1,243
4,AU,86,10,Ep 10,2019-08-12,711000,8.9,44
6,SA,86,15,Ep 15,2018-09-09,NA,NA,NA
7,US,87,3,Ep 3,2003-10-02,19680000,8,238
4,AU,87,11,Ep 11,2019-08-13,739000,8.7,42
6,SA,87,16,Finale,2018-09-16,NA,8.6,5
7,US,88,4,Ep 4,2003-10-09,19400000,8.3,241
4,AU,88,12,Ep 12,2019-08-18,650000,8.2,45
7,SA,88,1,Ep 1,2019-05-16,NA,9.5,10
7,US,89,5,Ep 5,2003-10-16,19350000,7.9,239
4,AU,89,13,Ep 13,2019-08-19,NA,8.1,43
7,SA,89,2,Ep 2,2019-05-23,NA,9.1,7
7,US,90,6,Ep 6,2003-10-23,20190000,8.4,213
4,AU,90,14,Ep 14,2019-08-20,NA,8.5,41
7,SA,90,3,Ep 3,2019-05-30,NA,9,7
7,US,91,7,Ep 7,2003-10-30,20700000,8.7,205
4,AU,91,15,Ep 15,2019-08-25,NA,8.2,40
7,SA,91,4,Ep 4,2019-06-06,NA,9,7
7,US,92,8,Ep 8,2003-11-06,21300000,8.3,235
4,AU,92,16,Ep 16,2019-08-26,NA,8.8,43
7,SA,92,5,Ep 5,2019-06-13,NA,9.3,7
7,US,93,9,Ep 9,2003-11-13,22100000,7.9,232
4,AU,93,17,Ep 17,2019-08-27,NA,8.3,40
7,SA,93,6,Ep 6,2019-06-20,NA,8.7,7
7,US,94,10,Ep 10,2003-11-20,19900000,8.4,218
4,AU,94,18,Ep 18,2019-09-01,NA,8,39
7,SA,94,7,Ep 7,2019-06-27,NA,9.1,7
7,US,95,11,Ep 11,2003-11-26,20060000,8.5,224
4,AU,95,19,Ep 19,2019-09-02,NA,8.6,39
7,SA,95,8,Ep 8,2019-07-04,NA,9.1,8
7,US,96,12,Ep 12,2003-12-04,22000000,7.9,231
4,AU,96,20,Ep 20,2019-09-03,NA,7.8,38
7,SA,96,9,Ep 9,2019-07-11,NA,9.2,8
7,US,97,13,Ep 13,2003-12-11,22410000,8.3,237
4,AU,97,21,Ep 21,2019-09-09,NA,9,40
7,SA,97,10,Ep 10,2019-07-18,NA,9.3,7
7,US,98,14,Finale,2003-12-14,25230000,8.5,246
4,AU,98,22,Ep 22,2019-09-10,NA,9.2,41
7,SA,98,11,Ep 11,2019-07-25,NA,9.6,7
8,US,99,1,Ep 1,2004-02-01,33270000,8.3,184
4,AU,99,23,Ep 23,2019-09-16,NA,8.6,42
7,SA,99,12,Ep 12,2019-08-01,NA,9,7
8,US,100,2,Ep 2,2004-02-05,23070000,7.8,154
4,AU,100,24,Finale,2019-09-17,NA,8.3,41
7,SA,100,13,Ep 13,2019-08-08,NA,9.3,7
8,US,101,3,Ep 3,2004-02-12,22350000,8.1,159
5,AU,101,1,Ep 1,2020-02-03,NA,8.8,54
7,SA,101,14,Ep 14,2019-08-15,NA,9.1,7
8,US,102,4,Ep 4,2004-02-19,22800000,7.7,150
5,AU,102,2,Ep 2,2020-02-04,NA,8.7,46
7,SA,102,15,Ep 15,2019-08-22,NA,9.1,7
8,US,103,5,Ep 5,2004-02-26,22190000,7.9,160
5,AU,103,3,Ep 3,2020-02-05,NA,9.3,51
7,SA,103,16,Ep 16,2019-08-29,NA,9,7
8,US,104,6,Ep 6,2004-03-04,23220000,7.3,149
5,AU,104,4,Ep 4,2020-02-10,NA,8.6,45
7,SA,104,17,Ep 17,2019-09-05,NA,9.6,7
8,US,105,7,Ep 7,2004-03-11,22630000,7.7,152
5,AU,105,5,Ep 5,2020-02-11,NA,9,44
7,SA,105,18,Finale,2019-09-12,NA,9.3,7
8,US,106,8,Ep 8,2004-03-17,21890000,7.6,152
5,AU,106,6,Ep 6,2020-02-12,NA,8.4,43
8,SA,106,1,Ep 1,2021-06-03,NA,8.6,22
8,US,107,9,Recap,2004-03-24,NA,7.3,108
5,AU,107,7,Ep 7,2020-02-17,NA,8.6,44
8,SA,107,2,Ep 2,2021-06-10,NA,9,18
8,US,108,10,Ep 10,2004-04-01,21690000,7.8,153
5,AU,108,8,Ep 8,2020-02-18,NA,9,44
8,SA,108,3,Ep 3,2021-06-17,NA,8.4,16
8,US,109,11,Ep 11,2004-04-08,20760000,8.3,156
5,AU,109,9,Ep 9,2020-02-19,NA,8.6,40
8,SA,109,4,Ep 4,2021-06-24,NA,9,17
8,US,110,12,Ep 12,2004-04-15,20780000,7.6,148
5,AU,110,10,Ep 10,2020-02-24,NA,8.2,40
8,SA,110,5,Ep 5,2021-07-01,NA,8.2,16
8,US,111,13,Ep 13,2004-04-22,20990000,7.8,149
5,AU,111,11,Ep 11,2020-02-25,NA,9,44
8,SA,111,6,Ep 6,2021-07-08,NA,8.6,15
8,US,112,14,Ep 14,2004-04-29,20780000,7.4,148
5,AU,112,12,Ep 12,2020-02-26,NA,8.5,43
8,SA,112,7,Ep 7,2021-07-15,NA,8.4,14
8,US,113,15,Ep 15,2004-05-06,19210000,7.6,150
5,AU,113,13,Ep 13,2020-03-02,NA,8.3,42
8,SA,113,8,Ep 8,2021-07-22,NA,9,18
8,US,114,16,Finale,2004-05-09,24760000,7.8,158
5,AU,114,14,Ep 14,2020-03-03,NA,8.6,42
8,SA,114,9,Ep 9,2021-07-29,NA,8.6,15
9,US,115,1,Ep 1,2004-09-16,20060000,7.8,219
5,AU,115,15,Ep 15,2020-03-04,NA,8.3,41
8,SA,115,10,Ep 10,2021-08-05,NA,8.1,15
9,US,116,2,Ep 2,2004-09-23,19140000,7.6,206
5,AU,116,16,Ep 16,2020-03-09,NA,8.2,40
8,SA,116,11,Ep 11,2021-08-12,NA,8.4,15
9,US,117,3,Ep 3,2004-09-30,19910000,7.8,209
5,AU,117,17,Ep 17,2020-03-10,NA,8.4,39
8,SA,117,12,Ep 12,2021-08-19,NA,8.8,14
9,US,118,4,Ep 4,2004-10-07,19460000,7.4,202
5,AU,118,18,Ep 18,2020-03-11,NA,9.1,42
8,SA,118,13,Ep 13,2021-08-26,NA,8.1,15
9,US,119,5,Ep 5,2004-10-14,19160000,7.5,204
5,AU,119,19,Ep 19,2020-03-16,NA,8.8,39
8,SA,119,14,Ep 14,2021-09-02,NA,8.2,13
9,US,120,6,Ep 6,2004-10-21,19220000,7.5,204
5,AU,120,20,Ep 20,2020-03-17,NA,8.5,38
8,SA,120,15,Ep 15,2021-09-09,NA,8.5,12
9,US,121,7,Ep 7,2004-10-28,20240000,7.3,200
5,AU,121,21,Ep 21,2020-03-18,NA,8,40
8,SA,121,16,Finale,2021-09-16,NA,8.8,15
9,US,122,8,Ep 8,2004-11-04,20700000,7.7,206
5,AU,122,22,Ep 22,2020-03-23,NA,8.1,38
9,SA,122,1,Ep 1,2022-07-18,NA,8.4,14
9,US,123,9,Ep 9,2004-11-11,20140000,7.6,203
5,AU,123,23,Ep 23,2020-03-24,NA,8.2,39
9,SA,123,2,Ep 2,2022-07-19,NA,8.8,14
9,US,124,10,Ep 10,2004-11-18,20700000,7.4,202
5,AU,124,24,Finale,2020-03-30,NA,8.7,42
9,SA,124,3,Ep 3,2022-07-20,NA,8.7,14
9,US,125,11,Ep 11,2004-11-25,NA,8.2,209
6,AU,125,1,Ep 1,2021-07-18,824000,7.9,39
9,SA,125,4,Ep 4,2022-07-21,NA,8.4,13
9,US,126,12,Ep 12,2004-12-02,19720000,7.7,204
6,AU,126,2,Ep 2,2021-07-19,839000,8.2,37
9,SA,126,5,Ep 5,2022-07-25,NA,8.9,14
9,US,127,13,Ep 13,2004-12-09,20300000,7.8,205
6,AU,127,3,Ep 3,2021-07-20,797000,8.7,38
9,SA,127,6,Ep 6,2022-07-26,NA,8.5,13
9,US,128,14,Finale,2004-12-12,19720000,7.9,211
6,AU,128,4,Ep 4,2021-07-25,632000,8,34
9,SA,128,7,Ep 7,2022-07-27,NA,8.3,13
10,US,129,1,Ep 1,2005-02-17,23660000,8.2,236
6,AU,129,5,Ep 5,2021-07-26,694000,8.1,34
9,SA,129,8,Ep 8,2022-07-28,NA,8.8,12
10,US,130,2,Ep 2,2005-02-24,21640000,7.7,216
6,AU,130,6,Ep 6,2021-07-27,717000,8.6,34
9,SA,130,9,Ep 9,2022-08-01,NA,8.5,13
10,US,131,3,Ep 3,2005-03-03,21800000,7.9,217
6,AU,131,7,Ep 7,2021-08-01,635000,8.6,35
9,SA,131,10,Ep 10,2022-08-02,NA,8.4,12
10,US,132,4,Ep 4,2005-03-10,21800000,8,147
6,AU,132,8,Ep 8,2021-08-02,675000,8.6,33
9,SA,132,11,Ep 11,2022-08-03,NA,8.5,12
10,US,133,5,Ep 5,2005-03-16,18420000,8.1,140
6,AU,133,9,Ep 9,2021-08-03,714000,8.7,35
9,SA,133,12,Ep 12,2022-08-04,NA,8.8,13
10,US,134,6,Ep 6,2005-03-23,19150000,7.8,142
6,AU,134,10,Ep 10,2021-08-08,678000,8.1,30
9,SA,134,13,Ep 13,2022-08-08,NA,8.4,12
10,US,135,7,Ep 7,2005-03-31,20890000,7.9,143
6,AU,135,11,Ep 11,2021-08-09,689000,7.8,30
9,SA,135,14,Ep 14,2022-08-09,NA,8.4,12
10,US,136,8,Ep 8,2005-04-07,19750000,8.2,137
6,AU,136,12,Ep 12,2021-08-10,763000,8.9,33
9,SA,136,15,Ep 15,2022-08-10,NA,8.8,13
10,US,137,9,Ep 9,2005-04-14,20000000,8,137
6,AU,137,13,Ep 13,2021-08-15,732000,8.7,38
9,SA,137,16,Ep 16,2022-08-11,NA,8.6,11
10,US,138,10,Ep 10,2005-04-21,18660000,8,142
6,AU,138,14,Ep 14,2021-08-16,789000,6.2,37
9,SA,138,17,Ep 17,2022-08-15,NA,8.3,11
10,US,139,11,Ep 11,2005-04-28,NA,7.8,140
6,AU,139,15,Ep 15,2021-08-17,767000,7.6,32
9,SA,139,18,Ep 18,2022-08-16,NA,8.5,11
10,US,140,12,Ep 12,2005-05-05,20070000,8.2,141
6,AU,140,16,Ep 16,2021-08-22,740000,8.6,31
9,SA,140,19,Ep 19,2022-08-17,NA,8.2,11
10,US,141,13,Ep 13,2005-05-12,19300000,8,140
6,AU,141,17,Ep 17,2021-08-23,741000,8.5,33
9,SA,141,20,Ep 20,2022-08-18,NA,8.5,11
10,US,142,14,Finale,2005-05-15,20800000,8.4,220
6,AU,142,18,Ep 18,2021-08-24,767000,8.7,33
9,SA,142,21,Ep 21,2022-08-22,NA,8.7,11
11,US,143,1,Ep 1,2005-09-15,18410000,8,115
6,AU,143,19,Ep 19,2021-08-29,723000,8,29
9,SA,143,22,Ep 22,2022-08-23,NA,8.5,10
11,US,144,2,Ep 2,2005-09-22,16980000,7.7,94
6,AU,144,20,Ep 20,2021-08-30,737000,7.4,30
9,SA,144,23,Finale,2022-08-24,NA,8.6,10
11,US,145,3,Ep 3,2005-09-29,17290000,7.5,94
6,AU,145,21,Ep 21,2021-08-31,707000,8.3,30
11,US,146,4,Ep 4,2005-10-06,17920000,7.7,95
6,AU,146,22,Ep 22,2021-09-05,729000,8.6,30
11,US,147,5,Ep 5,2005-10-13,17850000,7.7,95
6,AU,147,23,Ep 23,2021-09-06,795000,8.7,35
11,US,148,6,Ep 6,2005-10-20,17780000,7.6,92
6,AU,148,24,Finale,2021-09-12,785000,8.2,34
11,US,149,7,Ep 7,2005-10-27,17380000,7.4,91
7,AU,149,1,Ep 1,2022-01-31,NA,8.7,41
11,US,150,8,Ep 8,2005-11-03,18280000,7.8,94
7,AU,150,2,Ep 2,2022-02-01,NA,7.9,29
11,US,151,9,Ep 9,2005-11-10,18980000,7.9,94
7,AU,151,3,Ep 3,2022-02-02,NA,9,31
11,US,152,10,Ep 10,2005-11-17,18820000,7.9,91
7,AU,152,4,Ep 4,2022-02-06,NA,7.5,31
11,US,153,11,Ep 11,2005-11-24,19540000,7.7,92
7,AU,153,5,Ep 5,2022-02-07,NA,8,30
11,US,154,12,Ep 12,2005-12-01,19820000,7.9,92
7,AU,154,6,Ep 6,2022-02-08,NA,8.1,32
11,US,155,13,Ep 13,2005-12-08,20210000,7.6,92
7,AU,155,7,Ep 7,2022-02-13,NA,8.6,26
11,US,156,14,Finale,2005-12-11,21180000,8,96
7,AU,156,8,Ep 8,2022-02-14,NA,8.5,27
12,US,157,1,Ep 1,2006-02-02,19200000,7.6,121
7,AU,157,9,Ep 9,2022-02-15,NA,8.1,24
12,US,158,2,Ep 2,2006-02-09,18750000,7.5,101
7,AU,158,10,Ep 10,2022-02-20,NA,8.6,26
12,US,159,3,Ep 3,2006-02-16,16980000,7.4,97
7,AU,159,11,Ep 11,2022-02-21,NA,8.9,26
12,US,160,4,Ep 4,2006-02-23,14850000,7.4,99
7,AU,160,12,Ep 12,2022-02-22,NA,8.8,25
12,US,161,5,Ep 5,2006-03-02,16080000,7.7,98
7,AU,161,13,Ep 13,2022-02-27,NA,8.6,29
12,US,162,6,Ep 6,2006-03-09,15330000,7.4,96
7,AU,162,14,Ep 14,2022-02-28,NA,8.4,26
12,US,163,7,Recap,2006-03-15,NA,6.4,83
7,AU,163,15,Ep 15,2022-03-06,NA,9,31
12,US,164,8,Ep 8,2006-03-30,16250000,7.4,94
7,AU,164,16,Ep 16,2022-03-07,NA,8.1,28
12,US,165,9,Ep 9,2006-04-06,16360000,7.5,96
7,AU,165,17,Ep 17,2022-03-13,NA,7.8,30
12,US,166,10,Ep 10,2006-04-13,15070000,7.5,95
7,AU,166,18,Ep 18,2022-03-14,NA,7.6,27
12,US,167,11,Ep 11,2006-04-20,16260000,7.8,100
7,AU,167,19,Ep 19,2022-03-20,NA,9,29
12,US,168,12,Ep 12,2006-04-27,17090000,8,96
7,AU,168,20,Ep 20,2022-03-21,NA,8.8,27
12,US,169,13,Ep 13,2006-05-04,17040000,7.9,97
7,AU,169,21,Ep 21,2022-03-27,NA,8.6,23
12,US,170,14,Ep 14,2006-05-11,17200000,7.5,101
7,AU,170,22,Ep 22,2022-03-28,NA,8.7,22
12,US,171,15,Finale,2006-05-14,17070000,7.6,112
7,AU,171,23,Ep 23,2022-04-03,NA,8.6,23
13,US,172,1,Ep 1,2006-09-14,18000000,8,155
7,AU,172,24,Finale,2022-04-04,NA,8.1,22
13,US,173,2,Ep 2,2006-09-21,17430000,7.6,116
8,AU,173,1,Ep 1,2023-01-30,NA,8.3,53
13,US,174,3,Ep 3,2006-09-28,16850000,7.6,115
8,AU,174,2,Ep 2,2023-01-31,NA,8.3,47
13,US,175,4,Ep 4,2006-10-05,15830000,7.7,109
8,AU,175,3,Ep 3,2023-02-01,NA,8.3,43
13,US,176,5,Ep 5,2006-10-12,15840000,7.5,107
8,AU,176,4,Ep 4,2023-02-05,NA,7.9,46
13,US,177,6,Ep 6,2006-10-19,15020000,7.8,111
8,AU,177,5,Ep 5,2023-02-06,NA,8,41
13,US,178,7,Recap,2006-10-26,15300000,6.2,94
8,AU,178,6,Ep 6,2023-02-07,NA,7.9,41
13,US,179,8,Ep 8,2006-11-02,15300000,7.7,110
8,AU,179,7,Ep 7,2023-02-12,NA,9.6,129
13,US,180,9,Ep 9,2006-11-09,14390000,8,115
8,AU,180,8,Ep 8,2023-02-13,NA,7.6,45
13,US,181,10,Ep 10,2006-11-16,15350000,8.1,116
8,AU,181,9,Ep 9,2023-02-14,NA,8.7,49
13,US,182,11,Ep 11,2006-11-23,12670000,8.5,122
8,AU,182,10,Ep 10,2023-02-19,NA,8.8,46
13,US,183,12,Ep 12,2006-11-30,15630000,7.9,111
8,AU,183,11,Ep 11,2023-02-20,NA,8.1,40
13,US,184,13,Ep 13,2006-12-07,15720000,7.5,107
8,AU,184,12,Ep 12,2023-02-21,NA,8,37
13,US,185,14,Ep 14,2006-12-14,14550000,7.7,103
8,AU,185,13,Ep 13,2023-02-26,NA,8.1,42
13,US,186,15,Finale,2006-12-17,16420000,7.9,117
8,AU,186,14,Ep 14,2023-02-27,NA,8.7,44
14,US,187,1,Ep 1,2007-02-08,16440000,6.9,123
8,AU,187,15,Ep 15,2023-02-28,NA,8.3,37
14,US,188,2,Ep 2,2007-02-15,16080000,6.8,100
8,AU,188,16,Ep 16,2023-03-05,NA,9.1,44
14,US,189,3,Ep 3,2007-02-22,13470000,6.7,98
8,AU,189,17,Ep 17,2023-03-06,NA,8.9,40
14,US,190,4,Ep 4,2007-03-01,14670000,6.9,97
8,AU,190,18,Ep 18,2023-03-07,NA,8.6,35
14,US,191,5,Ep 5,2007-03-08,13810000,6.9,95
8,AU,191,19,Ep 19,2023-03-12,NA,8.6,36
14,US,192,6,Ep 6,2007-03-21,12780000,7.1,97
8,AU,192,20,Ep 20,2023-03-13,NA,7.9,34
14,US,193,7,Ep 7,2007-03-29,13710000,7.4,97
8,AU,193,21,Ep 21,2023-03-19,NA,7.5,35
14,US,194,8,Ep 8,2007-04-05,13580000,7.3,98
8,AU,194,22,Ep 22,2023-03-20,NA,7.6,31
14,US,195,9,Ep 9,2007-04-12,14250000,7.1,93
8,AU,195,23,Ep 23,2023-03-26,NA,7.5,33
14,US,196,10,Ep 10,2007-04-19,13330000,8,106
8,AU,196,24,Finale,2023-03-27,NA,8.7,40
14,US,197,11,Ep 11,2007-04-26,13830000,7.2,91
9,AU,197,1,Ep 1,2024-01-29,NA,8.8,40
14,US,198,12,Ep 12,2007-05-03,13740000,7,94
9,AU,198,2,Ep 2,2024-01-30,NA,8.5,35
14,US,199,13,Ep 13,2007-05-10,13770000,7.9,98
9,AU,199,3,Ep 3,2024-01-31,NA,8.8,37
14,US,200,14,Finale,2007-05-13,13630000,7.4,102
9,AU,200,4,Ep 4,2024-02-04,NA,8.5,33
15,US,201,1,Ep 1,2007-09-20,15350000,7.6,139
9,AU,201,5,Ep 5,2024-02-05,NA,8.6,32
15,US,202,2,Ep 2,2007-09-27,14150000,7.4,111
9,AU,202,6,Ep 6,2024-02-06,NA,8.5,31
15,US,203,3,Ep 3,2007-10-04,14140000,7.5,111
9,AU,203,7,Ep 7,2024-02-11,NA,8.9,33
15,US,204,4,Ep 4,2007-10-11,14220000,7.3,111
9,AU,204,8,Ep 8,2024-02-12,NA,8.9,32
15,US,205,5,Ep 5,2007-10-18,14030000,7.5,112
9,AU,205,9,Ep 9,2024-02-13,NA,9,33
15,US,206,6,Ep 6,2007-10-25,14190000,7.9,113
9,AU,206,10,Ep 10,2024-02-18,NA,8.6,36
15,US,207,7,Ep 7,2007-11-01,14440000,7.9,109
9,AU,207,11,Ep 11,2024-02-19,NA,8.2,29
15,US,208,8,Ep 8,2007-11-08,14860000,7.9,107
9,AU,208,12,Ep 12,2024-02-20,NA,8.8,33
15,US,209,9,Ep 9,2007-11-15,14680000,7.6,106
9,AU,209,13,Ep 13,2024-02-25,NA,7.5,30
15,US,210,10,Recap,2007-11-22,NA,6.5,89
9,AU,210,14,Ep 14,2024-02-26,NA,8.7,31
15,US,211,11,Ep 11,2007-11-29,13570000,8.1,111
9,AU,211,15,Ep 15,2024-02-27,NA,9.2,36
15,US,212,12,Ep 12,2007-12-06,14050000,7.5,106
9,AU,212,16,Ep 16,2024-03-03,NA,8.2,31
15,US,213,13,Ep 13,2007-12-13,13860000,7.9,111
9,AU,213,17,Ep 17,2024-03-04,NA,8.9,29
15,US,214,14,Finale,2007-12-16,15180000,7.9,113
9,AU,214,18,Ep 18,2024-03-05,NA,9.2,43
16,US,215,1,Ep 1,2008-02-07,14020000,7.8,159
9,AU,215,19,Ep 19,2024-03-10,NA,8.7,26
16,US,216,2,Ep 2,2008-02-14,13120000,7.5,118
9,AU,216,20,Ep 20,2024-03-11,NA,8.5,25
16,US,217,3,Ep 3,2008-02-21,12550000,7.5,114
9,AU,217,21,Ep 21,2024-03-12,NA,8.9,24
16,US,218,4,Ep 4,2008-02-28,12470000,7.4,113
9,AU,218,22,Ep 22,2024-03-17,NA,8.7,17
16,US,219,5,Ep 5,2008-03-06,12060000,7.6,109
9,AU,219,23,Ep 23,2024-03-18,NA,8.7,18
16,US,220,6,Ep 6,2008-03-13,13060000,7.5,106
9,AU,220,24,Finale,2024-03-19,NA,8.9,21
16,US,221,7,Ep 7,2008-03-19,11340000,7.5,110
16,US,222,8,Ep 8,2008-04-03,12840000,7.4,110
16,US,223,9,Ep 9,2008-04-10,11680000,7.7,112
16,US,224,10,Ep 10,2008-04-17,12090000,8.6,135
16,US,225,11,Ep 11,2008-04-24,12980000,7.6,111
16,US,226,12,Ep 12,2008-05-01,12530000,8.4,123
16,US,227,13,Ep 13,2008-05-08,11980000,8.5,138
16,US,228,14,Finale,2008-05-11,12920000,7.8,117
17,US,229,1,Ep 1,2008-09-25,13060000,7.5,252
17,US,230,2,Ep 2,2008-10-02,13080000,7.2,215
17,US,231,3,Ep 3,2008-10-09,13280000,7.3,212
17,US,232,4,Ep 4,2008-10-16,12810000,7,205
17,US,233,5,Ep 5,2008-10-23,13310000,7.2,208
17,US,234,6,Ep 6,2008-10-30,13020000,7.5,214
17,US,235,7,Ep 7,2008-11-06,12010000,7.5,209
17,US,236,8,Ep 8,2008-11-13,12890000,7.5,212
17,US,237,9,Ep 9,2008-11-20,12500000,8.4,231
17,US,238,10,Recap,2008-11-27,8310000,6.3,116
17,US,239,11,Ep 11,2008-12-04,12730000,7.6,206
17,US,240,12,Ep 12,2008-12-11,13050000,8.1,220
17,US,241,13,Finale,2008-12-14,13770000,8,219
18,US,242,1,Ep 1,2009-02-12,13630000,7.5,152
18,US,243,2,Ep 2,2009-02-19,13590000,7.4,118
18,US,244,3,Ep 3,2009-02-26,12050000,7.3,121
18,US,245,4,Ep 4,2009-03-05,11850000,7.2,116
18,US,246,5,Ep 5,2009-03-12,12820000,7.9,115
18,US,247,6,Recap,2009-03-25,8150000,6.3,97
18,US,248,7,Ep 7,2009-04-02,11270000,7.6,112
18,US,249,8,Ep 8,2009-04-09,11240000,7.9,116
18,US,250,9,Ep 9,2009-04-16,11640000,8.2,120
18,US,251,10,Ep 10,2009-04-23,11300000,8,123
18,US,252,11,Ep 11,2009-04-30,11730000,7.8,111
18,US,253,12,Ep 12,2009-05-07,11990000,7.6,114
18,US,254,13,Ep 13,2009-05-14,12180000,8,126
18,US,255,14,Finale,2009-05-17,12940000,7.8,118
19,US,256,1,Ep 1,2009-09-17,11660000,7.6,140
19,US,257,2,Ep 2,2009-09-24,11660000,7.3,107
19,US,258,3,Ep 3,2009-10-01,11540000,7.4,101
19,US,259,4,Ep 4,2009-10-08,11690000,7.1,101
19,US,260,5,Ep 5,2009-10-15,11780000,7.2,99
19,US,261,6,Ep 6,2009-10-22,12880000,7.7,102
19,US,262,7,Ep 7,2009-10-29,12190000,7.2,99
19,US,263,8,Ep 8,2009-11-05,12440000,7.9,106
19,US,264,9,Ep 9,2009-11-12,12940000,8.4,124
19,US,265,10,Ep 10,2009-11-19,12330000,8.3,117
19,US,266,11,Recap,2009-11-26,9940000,5.7,83
19,US,267,12,Ep 12,2009-12-03,12820000,7.4,94
19,US,268,13,Ep 13,2009-12-10,13250000,7.4,95
19,US,269,14,Ep 14,2009-12-17,12460000,7.2,99
19,US,270,15,Finale,2009-12-20,13970000,7.7,113
20,US,271,1,Ep 1,2010-02-11,14150000,8.6,213
20,US,272,2,Ep 2,2010-02-18,11940000,8,150
20,US,273,3,Ep 3,2010-02-25,11600000,8,135
20,US,274,4,Ep 4,2010-03-04,12720000,8.3,133
20,US,275,5,Ep 5,2010-03-11,12170000,8,131
20,US,276,6,Ep 6,2010-03-24,11150000,8.9,177
20,US,277,7,Ep 7,2010-04-01,11260000,8.4,140
20,US,278,8,Ep 8,2010-04-08,12380000,8,126
20,US,279,9,Ep 9,2010-04-15,12310000,8.2,134
20,US,280,10,Ep 10,2010-04-22,11890000,8.8,185
20,US,281,11,Ep 11,2010-04-29,12740000,8,126
20,US,282,12,Ep 12,2010-05-06,13060000,8.3,138
20,US,283,13,Ep 13,2010-05-13,13280000,8.1,120
20,US,284,14,Finale,2010-05-16,13460000,8.2,131
21,US,285,1,Ep 1,2010-09-15,12230000,7.1,103
21,US,286,2,Ep 2,2010-09-22,12590000,7.4,92
21,US,287,3,Ep 3,2010-09-29,12260000,6.6,83
21,US,288,4,Ep 4,2010-10-06,12050000,6.8,82
21,US,289,5,Ep 5,2010-10-13,12320000,6.7,81
21,US,290,6,Ep 6,2010-10-20,12260000,6.9,79
21,US,291,7,Ep 7,2010-10-27,11820000,6.8,77
21,US,292,8,Ep 8,2010-11-03,12300000,7,82
21,US,293,9,Ep 9,2010-11-10,11290000,7,80
21,US,294,10,Ep 10,2010-11-17,11980000,7,80
21,US,295,11,Recap,2010-11-24,8020000,6.1,72
21,US,296,12,Ep 12,2010-12-01,12260000,6.8,84
21,US,297,13,Ep 13,2010-12-08,12130000,6.8,80
21,US,298,14,Ep 14,2010-12-15,12320000,7.1,81
21,US,299,15,Finale,2010-12-19,13580000,7.6,86
22,US,300,1,Ep 1,2011-02-16,11155000,7.5,117
22,US,301,2,Ep 2,2011-02-23,10932000,7,96
22,US,302,3,Ep 3,2011-03-02,11315000,7.3,100
22,US,303,4,Ep 4,2011-03-09,10960000,7,94
22,US,304,5,Ep 5,2011-03-16,10727000,6.7,93
22,US,305,6,Ep 6,2011-03-23,11003000,6.4,96
22,US,306,7,Ep 7,2011-03-30,11005000,6.7,93
22,US,307,8,Ep 8,2011-04-06,10937000,7.2,94
22,US,308,9,Ep 9,2011-04-13,11086000,6.6,93
22,US,309,10,Ep 10,2011-04-20,11024000,6.2,101
22,US,310,11,Ep 11,2011-04-27,11324000,6.6,87
22,US,311,12,Ep 12,2011-05-04,10990000,6.5,87
22,US,312,13,Ep 13,2011-05-11,10771000,6.7,89
22,US,313,14,Finale,2011-05-15,13303000,6.5,101
23,US,314,1,Ep 1,2011-09-14,10740000,7.8,111
23,US,315,2,Ep 2,2011-09-21,10460000,7.3,88
23,US,316,3,Ep 3,2011-09-28,10710000,7.2,90
23,US,317,4,Ep 4,2011-10-05,10720000,7,89
23,US,318,5,Ep 5,2011-10-12,10690000,7.7,88
23,US,319,6,Ep 6,2011-10-19,11240000,7.4,90
23,US,320,7,Ep 7,2011-10-26,11790000,8,95
23,US,321,8,Ep 8,2011-11-02,11950000,8.1,108
23,US,322,9,Ep 9,2011-11-09,10800000,7.4,90
23,US,323,10,Ep 10,2011-11-16,11660000,7.1,88
23,US,324,11,Recap,2011-11-23,7980000,6.2,72
23,US,325,12,Ep 12,2011-11-30,11050000,7.1,85
23,US,326,13,Ep 13,2011-12-07,11590000,7,87
23,US,327,14,Ep 14,2011-12-14,10870000,7.7,92
23,US,328,15,Finale,2011-12-18,13070000,7.2,102
24,US,329,1,Ep 1,2012-02-15,10790000,7,125
24,US,330,2,Ep 2,2012-02-22,10290000,6.6,96
24,US,331,3,Ep 3,2012-02-29,10650000,7.1,104
24,US,332,4,Ep 4,2012-03-07,10780000,6.3,97
24,US,333,5,Ep 5,2012-03-14,10560000,7,93
24,US,334,6,Ep 6,2012-03-21,10470000,7.5,103
24,US,335,7,Ep 7,2012-03-28,9990000,7,91
24,US,336,8,Ep 8,2012-04-04,10360000,7.2,88
24,US,337,9,Ep 9,2012-04-11,9910000,7,87
24,US,338,10,Ep 10,2012-04-18,9960000,6.9,85
24,US,339,11,Ep 11,2012-04-25,9810000,6.9,83
24,US,340,12,Ep 12,2012-05-02,9430000,7,83
24,US,341,13,Ep 13,2012-05-09,9970000,6.9,81
24,US,342,14,Finale,2012-05-13,10340000,7.1,87
25,US,343,1,Ep 1,2012-09-19,11370000,7.8,245
25,US,344,2,Ep 2,2012-09-26,10310000,7.5,213
25,US,345,3,Ep 3,2012-10-03,10380000,7.4,215
25,US,346,4,Ep 4,2012-10-10,9820000,7.8,213
25,US,347,5,Ep 5,2012-10-17,10430000,7.7,209
25,US,348,6,Ep 6,2012-10-24,10230000,7.4,206
25,US,349,7,Ep 7,2012-10-31,9830000,7.9,209
25,US,350,8,Ep 8,2012-11-07,10310000,8.7,203
25,US,351,9,Ep 9,2012-11-14,10060000,8.4,202
25,US,352,10,Ep 10,2012-11-21,9370000,7.8,146
25,US,353,11,Ep 11,2012-11-28,10370000,8,174
25,US,354,12,Ep 12,2012-12-05,10640000,7.2,201
25,US,355,13,Ep 13,2012-12-12,10370000,7.8,203
25,US,356,14,Finale,2012-12-16,11460000,8.1,214
26,US,357,1,Ep 1,2013-02-13,8940000,7.6,150
26,US,358,2,Ep 2,2013-02-20,9320000,7.2,117
26,US,359,3,Ep 3,2013-02-27,9170000,7,116
26,US,360,4,Ep 4,2013-03-06,9580000,7.3,120
26,US,361,5,Ep 5,2013-03-13,9890000,8.5,158
26,US,362,6,Ep 6,2013-03-20,9790000,6.9,112
26,US,363,7,Ep 7,2013-03-27,9430000,7.4,112
26,US,364,8,Ep 8,2013-04-03,9250000,7.8,122
26,US,365,9,Ep 9,2013-04-10,9380000,8,122
26,US,366,10,Ep 10,2013-04-17,9990000,8.9,177
26,US,367,11,Ep 11,2013-04-24,10310000,7.9,115
26,US,368,12,Ep 12,2013-05-01,9250000,7.6,120
26,US,369,13,Ep 13,2013-05-08,9510000,7.8,128
26,US,370,14,Finale,2013-05-12,10160000,7.5,126
27,US,371,1,Ep 1,2013-09-18,9730000,7.3,128
27,US,372,2,Ep 2,2013-09-25,9540000,7.1,105
27,US,373,3,Ep 3,2013-10-02,10160000,7.4,104
27,US,374,4,Ep 4,2013-10-09,9600000,7.9,105
27,US,375,5,Ep 5,2013-10-16,10110000,7.3,95
27,US,376,6,Ep 6,2013-10-23,9520000,6.9,89
27,US,377,7,Ep 7,2013-10-30,9000000,7.2,93
27,US,378,8,Ep 8,2013-11-06,9290000,7.4,92
27,US,379,9,Ep 9,2013-11-13,9870000,7.1,86
27,US,380,10,Ep 10,2013-11-20,10180000,7.6,94
27,US,381,11,Ep 11,2013-11-27,8810000,7.5,95
27,US,382,12,Ep 12,2013-12-04,10630000,8.6,133
27,US,383,13,Ep 13,2013-12-11,9920000,7.5,97
27,US,384,14,Finale,2013-12-15,10190000,7.4,98
28,US,385,1,Ep 1,2014-02-26,9400000,8.4,218
28,US,386,2,Ep 2,2014-03-05,9580000,7.7,153
28,US,387,3,Ep 3,2014-03-12,9660000,7.9,150
28,US,388,4,Ep 4,2014-03-19,9460000,8,152
28,US,389,5,Ep 5,2014-03-26,9850000,7.8,146
28,US,390,6,Ep 6,2014-04-02,9480000,9,226
28,US,391,7,Ep 7,2014-04-09,9620000,7.9,153
28,US,392,8,Ep 8,2014-04-16,9350000,8.1,146
28,US,393,9,Ep 9,2014-04-23,9430000,7.9,143
28,US,394,10,Ep 10,2014-04-30,9700000,8.3,147
28,US,395,11,Ep 11,2014-05-07,9910000,7.9,137
28,US,396,12,Ep 12,2014-05-14,9930000,8.5,153
28,US,397,13,Finale,2014-05-21,9580000,8.6,172
29,US,398,1,Ep 1,2014-09-24,9750000,7.4,123
29,US,399,2,Ep 2,2014-10-01,9490000,7.5,104
29,US,400,3,Ep 3,2014-10-08,9650000,7.7,110
29,US,401,4,Ep 4,2014-10-15,9330000,7.9,106
29,US,402,5,Ep 5,2014-10-22,9220000,7.2,103
29,US,403,6,Ep 6,2014-10-29,9070000,7.1,99
29,US,404,7,Ep 7,2014-11-05,9310000,6.6,101
29,US,405,8,Ep 8,2014-11-12,9510000,7.4,102
29,US,406,9,Ep 9,2014-11-19,9850000,7.8,107
29,US,407,10,Ep 10,2014-11-26,8900000,8.1,111
29,US,408,11,Ep 11,2014-12-03,8710000,7.6,103
29,US,409,12,Ep 12,2014-12-03,8710000,7.8,102
29,US,410,13,Ep 13,2014-12-10,9470000,8.1,105
29,US,411,14,Finale,2014-12-17,9790000,6.7,77
30,US,412,1,Ep 1,2015-02-25,10040000,7.8,144
30,US,413,2,Ep 2,2015-03-04,9770000,7.5,113
30,US,414,3,Ep 3,2015-03-11,9250000,7,112
30,US,415,4,Ep 4,2015-03-18,9620000,7.5,113
30,US,416,5,Ep 5,2015-03-18,9620000,7.7,111
30,US,417,6,Ep 6,2015-03-25,9640000,8.3,132
30,US,418,7,Ep 7,2015-04-01,9590000,7.6,113
30,US,419,8,Ep 8,2015-04-08,9840000,7.5,113
30,US,420,9,Ep 9,2015-04-15,9350000,8.1,119
30,US,421,10,Ep 10,2015-04-22,10190000,8.1,119
30,US,422,11,Ep 11,2015-04-29,9250000,7.7,109
30,US,423,12,Ep 12,2015-05-06,9220000,8.4,130
30,US,424,13,Ep 13,2015-05-13,9610000,8.2,114
30,US,425,14,Finale,2015-05-20,9740000,7.2,105
31,US,426,1,Ep 1,2015-09-23,9700000,8.5,237
31,US,427,2,Ep 2,2015-09-30,9430000,8.5,198
31,US,428,3,Ep 3,2015-10-07,9070000,8.2,182
31,US,429,4,Ep 4,2015-10-14,9070000,8,173
31,US,430,5,Ep 5,2015-10-21,9100000,8.3,182
31,US,431,6,Ep 6,2015-10-28,8480000,8.7,178
31,US,432,7,Ep 7,2015-11-04,8800000,8.2,177
31,US,433,8,Ep 8,2015-11-11,9000000,9.2,234
31,US,434,9,Ep 9,2015-11-18,9050000,8.3,175
31,US,435,10,Ep 10,2015-11-25,8120000,9.3,325
31,US,436,11,Ep 11,2015-11-25,8120000,8.4,172
31,US,437,12,Ep 12,2015-12-02,9420000,7.9,166
31,US,438,13,Ep 13,2015-12-09,9910000,9,175
31,US,439,14,Finale,2015-12-16,9450000,7.4,132
32,US,440,1,Ep 1,2016-02-17,8300000,7.4,163
32,US,441,2,Ep 2,2016-02-24,8390000,7.9,143
32,US,442,3,Ep 3,2016-03-02,9240000,7.7,135
32,US,443,4,Ep 4,2016-03-09,9260000,8.2,158
32,US,444,5,Ep 5,2016-03-16,9500000,7.4,129
32,US,445,6,Ep 6,2016-03-23,9310000,7.7,129
32,US,446,7,Ep 7,2016-03-30,9160000,7.2,125
32,US,447,8,Ep 8,2016-04-06,8980000,8,135
32,US,448,9,Ep 9,2016-04-13,8390000,8.7,156
32,US,449,10,Ep 10,2016-04-20,9270000,8.9,189
32,US,450,11,Ep 11,2016-04-27,9470000,7.7,126
32,US,451,12,Ep 12,2016-05-04,9480000,7.5,121
32,US,452,13,Ep 13,2016-05-11,9510000,7.2,120
32,US,453,14,Finale,2016-05-18,9540000,7.7,128
33,US,454,1,Ep 1,2016-09-21,9460000,7.6,199
33,US,455,2,Ep 2,2016-09-28,9160000,7.6,168
33,US,456,3,Ep 3,2016-10-05,8600000,7.5,170
33,US,457,4,Ep 4,2016-10-12,9060000,8.2,178
33,US,458,5,Ep 5,2016-10-19,8590000,7.5,162
33,US,459,6,Ep 6,2016-10-26,8300000,7.7,169
33,US,460,7,Ep 7,2016-11-02,6930000,8.3,177
33,US,461,8,Ep 8,2016-11-09,8810000,7.8,159
33,US,462,9,Ep 9,2016-11-16,8490000,7.7,159
33,US,463,10,Ep 10,2016-11-23,7740000,8.9,186
33,US,464,11,Ep 11,2016-11-30,8860000,8.2,163
33,US,465,12,Ep 12,2016-12-07,8500000,7.8,153
33,US,466,13,Finale,2016-12-14,9090000,8.4,185
34,US,467,1,Ep 1,2017-03-08,7640000,8.4,190
34,US,468,2,Ep 2,2017-03-15,7870000,7.6,144
34,US,469,3,Ep 3,2017-03-22,8100000,8.9,179
34,US,470,4,Ep 4,2017-03-29,8260000,8.3,148
34,US,471,5,Ep 5,2017-04-05,8400000,8,140
34,US,472,6,Ep 6,2017-04-12,8310000,8.3,167
34,US,473,7,Ep 7,2017-04-19,7920000,7.8,131
34,US,474,8,Ep 8,2017-04-26,8490000,8.1,129
34,US,475,9,Ep 9,2017-05-03,8260000,7.5,127
34,US,476,10,Ep 10,2017-05-10,8300000,7.3,121
34,US,477,11,Ep 11,2017-05-17,8270000,8,126
34,US,478,12,Finale,2017-05-24,8480000,7.9,130
35,US,479,1,Ep 1,2017-09-27,8330000,7.1,146
35,US,480,2,Ep 2,2017-10-04,8150000,6.8,119
35,US,481,3,Ep 3,2017-10-11,8020000,6.9,115
35,US,482,4,Ep 4,2017-10-18,8120000,7.6,124
35,US,483,5,Ep 5,2017-10-25,8220000,7.1,119
35,US,484,6,Ep 6,2017-11-01,7690000,6.9,118
35,US,485,7,Ep 7,2017-11-08,7820000,7.4,119
35,US,486,8,Ep 8,2017-11-15,8850000,7.4,111
35,US,487,9,Ep 9,2017-11-22,7420000,7.3,109
35,US,488,10,Ep 10,2017-11-29,8270000,8.2,133
35,US,489,11,Ep 11,2017-12-06,8960000,8.2,129
35,US,490,12,Ep 12,2017-12-13,8740000,7.8,118
35,US,491,13,Finale,2017-12-20,8700000,7.3,141
36,US,492,1,Ep 1,2018-02-28,8190000,7.5,158
36,US,493,2,Ep 2,2018-03-07,8230000,7.4,129
36,US,494,3,Ep 3,2018-03-14,8390000,7.9,130
36,US,495,4,Ep 4,2018-03-21,8610000,6.9,123
36,US,496,5,Ep 5,2018-03-28,8150000,6.9,122
36,US,497,6,Ep 6,2018-04-04,8420000,7.4,119
36,US,498,7,Ep 7,2018-04-11,7970000,8,125
36,US,499,8,Ep 8,2018-04-18,7730000,7.4,119
36,US,500,9,Ep 9,2018-04-25,7810000,7.4,119
36,US,501,10,Ep 10,2018-05-02,7840000,7.2,121
36,US,502,11,Ep 11,2018-05-09,7740000,7,106
36,US,503,12,Ep 12,2018-05-16,7540000,6.8,112
36,US,504,13,Finale,2018-05-23,7310000,7.5,122
37,US,505,1,Ep 1,2018-09-26,7830000,8.1,347
37,US,506,2,Ep 2,2018-10-03,7270000,7.6,306
37,US,507,3,Ep 3,2018-10-10,7650000,7.7,300
37,US,508,4,Ep 4,2018-10-17,7210000,8.1,274
37,US,509,5,Ep 5,2018-10-24,7370000,8.1,289
37,US,510,6,Ep 6,2018-10-31,7060000,7.6,297
37,US,511,7,Ep 7,2018-11-07,7690000,8,294
37,US,512,8,Ep 8,2018-11-14,7200000,9,346
37,US,513,9,Ep 9,2018-11-21,7090000,8.8,338
37,US,514,10,Ep 10,2018-11-28,7600000,8.1,305
37,US,515,11,Ep 11,2018-12-05,7510000,8.3,306
37,US,516,12,Ep 12,2018-12-12,7770000,8,298
37,US,517,13,Finale,2018-12-19,7720000,8,297
38,US,518,1,Ep 1,2019-02-20,7750000,7.6,287
38,US,519,2,Ep 2,2019-02-27,7070000,7.5,253
38,US,520,3,Ep 3,2019-03-06,7250000,7.5,251
38,US,521,4,Ep 4,2019-03-13,7530000,7.9,280
38,US,522,5,Ep 5,2019-03-20,7050000,8.2,291
38,US,523,6,Ep 6,2019-03-27,7750000,7.8,287
38,US,524,7,Ep 7,2019-04-03,7410000,8.3,290
38,US,525,8,Ep 8,2019-04-10,7590000,8.6,268
38,US,526,9,Ep 9,2019-04-17,7890000,7.6,275
38,US,527,10,Ep 10,2019-04-24,7500000,7.7,267
38,US,528,11,Ep 11,2019-05-01,7340000,8.3,256
38,US,529,12,Ep 12,2019-05-08,7280000,7.6,262
38,US,530,13,Finale,2019-05-15,7210000,7.3,301
39,US,531,1,Ep 1,2019-09-25,6290000,7.5,168
39,US,532,2,Ep 2,2019-10-02,6570000,7.7,140
39,US,533,3,Ep 3,2019-10-09,6510000,7.3,133
39,US,534,4,Ep 4,2019-10-16,6910000,7.8,127
39,US,535,5,Ep 5,2019-10-23,6820000,7.1,129
39,US,536,6,Ep 6,2019-10-30,6370000,8.1,142
39,US,537,7,Ep 7,2019-11-06,6820000,8,129
39,US,538,8,Ep 8,2019-11-13,6070000,5.3,234
39,US,539,9,Ep 9,2019-11-20,6630000,7.5,127
39,US,540,10,Ep 10,2019-11-27,6480000,7.7,124
39,US,541,11,Ep 11,2019-12-04,6860000,6.8,124
39,US,542,12,Ep 12,2019-12-11,6820000,7.1,109
39,US,543,13,Finale,2019-12-18,6520000,7.3,111
40,US,544,1,Ep 1,2020-02-12,6680000,8.8,293
40,US,545,2,Ep 2,2020-02-19,7160000,8.2,200
40,US,546,3,Ep 3,2020-02-26,7140000,8.1,190
40,US,547,4,Ep 4,2020-03-04,7080000,8,188
40,US,548,5,Ep 5,2020-03-11,6910000,8,176
40,US,549,6,Ep 6,2020-03-18,7830000,8.8,219
40,US,550,7,Ep 7,2020-03-25,8180000,7.6,180
40,US,551,8,Ep 8,2020-04-01,8230000,8.1,173
40,US,552,9,Ep 9,2020-04-08,7850000,8.7,204
40,US,553,10,Ep 10,2020-04-15,8140000,8.1,225
40,US,554,11,Ep 11,2020-04-22,8160000,8.9,246
40,US,555,12,Ep 12,2020-04-29,8080000,8.4,181
40,US,556,13,Ep 13,2020-05-06,7570000,8.2,172
40,US,557,14,Finale,2020-05-13,7940000,8.9,258
41,US,558,1,Ep 1,2021-09-22,6250000,4.9,657
41,US,559,2,Ep 2,2021-09-29,5900000,5.6,365
41,US,560,3,Ep 3,2021-10-06,5790000,5.6,326
41,US,561,4,Ep 4,2021-10-13,5680000,6.2,300
41,US,562,5,Ep 5,2021-10-20,5620000,5.8,281
41,US,563,6,Ep 6,2021-10-27,5320000,5.3,317
41,US,564,7,Ep 7,2021-11-03,5470000,6.8,288
41,US,565,8,Ep 8,2021-11-10,5560000,6,241
41,US,566,9,Ep 9,2021-11-17,5760000,6.4,238
41,US,567,10,Ep 10,2021-11-24,5540000,7.3,283
41,US,568,11,Ep 11,2021-12-01,5630000,5.3,325
41,US,569,12,Ep 12,2021-12-08,5700000,5.7,229
41,US,570,13,Finale,2021-12-15,5820000,4.8,349
42,US,571,1,Ep 1,2022-03-09,4960000,7.4,225
42,US,572,2,Ep 2,2022-03-16,5060000,7.2,175
42,US,573,3,Ep 3,2022-03-23,5350000,7.9,185
42,US,574,4,Ep 4,2022-03-30,5630000,7.1,148
42,US,575,5,Ep 5,2022-04-06,5580000,7.2,140
42,US,576,6,Ep 6,2022-04-13,5120000,7.6,160
42,US,577,7,Ep 7,2022-04-13,5120000,7.6,160
42,US,578,8,Ep 8,2022-04-20,5430000,7.3,141
42,US,579,9,Ep 9,2022-04-27,5720000,5.1,412
42,US,580,10,Ep 10,2022-05-04,5620000,7.2,148
42,US,581,11,Ep 11,2022-05-11,5380000,8.7,183
42,US,582,12,Ep 12,2022-05-18,5700000,8.2,135
42,US,583,13,Finale,2022-05-25,5110000,7.6,183
43,US,584,1,Ep 1,2022-09-21,5050000,7,182
43,US,585,2,Ep 2,2022-09-28,4570000,7.6,144
43,US,586,3,Ep 3,2022-10-05,5150000,7.2,129
43,US,587,4,Ep 4,2022-10-12,5030000,7.3,118
43,US,588,5,Ep 5,2022-10-19,4910000,7.4,114
43,US,589,6,Ep 6,2022-10-26,5170000,7.5,115
43,US,590,7,Ep 7,2022-11-02,4640000,6.7,114
43,US,591,8,Ep 8,2022-11-09,4730000,6.9,95
43,US,592,9,Ep 9,2022-11-16,5150000,7.9,103
43,US,593,10,Ep 10,2022-11-23,4890000,7.6,101
43,US,594,11,Ep 11,2022-11-30,5310000,7.7,95
43,US,595,12,Ep 12,2022-12-07,5340000,9.1,162
43,US,596,13,Finale,2022-12-14,4980000,7.2,112
44,US,597,1,Ep 1,2023-03-01,4760000,7.8,179
44,US,598,2,Ep 2,2023-03-08,4950000,7.6,130
44,US,599,3,Ep 3,2023-03-15,4990000,7.3,124
44,US,600,4,Ep 4,2023-03-22,5190000,7.7,117
44,US,601,5,Ep 5,2023-03-29,5250000,7.4,112
44,US,602,6,Ep 6,2023-04-05,5190000,7.6,108
44,US,603,7,Ep 7,2023-04-12,5340000,6.7,136
44,US,604,8,Ep 8,2023-04-19,5290000,8.3,108
44,US,605,9,Ep 9,2023-04-26,5220000,7.8,91
44,US,606,10,Ep 10,2023-05-03,4960000,7.8,85
44,US,607,11,Ep 11,2023-05-10,4780000,8.8,96
44,US,608,12,Ep 12,2023-05-17,4710000,7.9,64
44,US,609,13,Finale,2023-05-24,4410000,8.4,16
45,US,610,1,Ep 1,2023-09-27,5240000,6.2,231
45,US,611,2,Ep 2,2023-10-04,4880000,7.2,154
45,US,612,3,Ep 3,2023-10-11,5090000,8.1,153
45,US,613,4,Ep 4,2023-10-18,4920000,6.2,147
45,US,614,5,Ep 5,2023-10-25,5030000,7.2,117
45,US,615,6,Ep 6,2023-11-01,4860000,9,202
45,US,616,7,Ep 7,2023-11-08,4530000,7.2,116
45,US,617,8,Ep 8,2023-11-15,5140000,8.7,137
45,US,618,9,Ep 9,2023-11-22,4900000,7.5,99
45,US,619,10,Ep 10,2023-11-29,5020000,8,102
45,US,620,11,Ep 11,2023-12-06,4840000,7.9,101
45,US,621,12,Ep 12,2023-12-13,5330000,8.1,70
45,US,622,13,Finale,2023-12-20,4730000,7.8,24
46,US,623,1,Ep 1,2024-02-28,4900000,7.1,172
46,US,624,2,Ep 2,2024-03-06,4430000,6.8,154
46,US,625,3,Ep 3,2024-03-13,4780000,6.1,157
46,US,626,4,Ep 4,2024-03-20,4680000,5.5,166
46,US,627,5,Ep 5,2024-03-27,4720000,7.2,132
46,US,628,6,Ep 6,2024-04-03,5050000,7.1,113
46,US,629,7,Ep 7,2024-04-10,4640000,7.9,135
46,US,630,8,Ep 8,2024-04-17,4840000,8.4,169
46,US,631,9,Ep 9,2024-04-24,4910000,8,138
46,US,632,10,Ep 10,2024-05-01,4790000,8.5,138
46,US,633,11,Ep 11,2024-05-08,4690000,7.8,104
46,US,634,12,Ep 12,2024-05-15,4710000,8.2,85
46,US,635,13,Finale,2024-05-22,4510000,7,43
47,US,636,1,Ep 1,2024-09-18,NA,7.1,175
47,US,637,2,Ep 2,2024-09-25,NA,7.6,144
47,US,638,3,Ep 3,2024-10-02,NA,7.4,137
47,US,639,4,Ep 4,2024-10-09,NA,8.2,164
47,US,640,5,Ep 5,2024-10-16,NA,7.9,135
47,US,641,6,Ep 6,2024-10-23,NA,8.7,145
47,US,642,7,Ep 7,2024-10-30,NA,8,137
47,US,643,8,Ep 8,2024-11-06,NA,7.9,126
47,US,644,9,Ep 9,2024-11-13,NA,7.6,117
47,US,645,10,Ep 10,2024-11-20,NA,7.9,111
47,US,646,11,Ep 11,2024-11-27,NA,7.3,115
47,US,647,12,Ep 12,2024-12-04,NA,9.6,398
47,US,648,13,Ep 13,2024-12-11,NA,8.7,134
47,US,649,14,Ep 14,2024-12-18,NA,8.3,84
1,US,NA,14,Reunion,2000-08-23,38770000,6.5,258
2,US,NA,16,Reunion,2001-05-03,28010000,6.4,250
3,US,NA,15,Reunion,2002-01-10,19050000,6.2,137
4,US,NA,15,Reunion,2002-05-19,17890000,5.4,147
5,US,NA,15,Reunion,2002-12-19,20420000,5.8,140
6,US,NA,15,Reunion,2003-05-11,17650000,6.6,236
7,US,NA,15,Reunion,2003-12-14,26190000,7.9,231
8,US,NA,17,Reunion,2004-05-09,28360000,7.6,157
9,US,NA,15,Reunion,2004-12-12,NA,6.7,200
10,US,NA,15,Reunion,2005-05-15,21700000,7.4,206
11,US,NA,15,Reunion,2005-12-11,15210000,7.3,90
12,US,NA,16,Reunion,2006-05-14,NA,6.9,95
13,US,NA,16,Reunion,2006-12-17,NA,7.4,110
14,US,NA,15,Reunion,2007-05-13,NA,6.6,95
15,US,NA,15,Reunion,2007-12-16,NA,7.3,113
16,US,NA,15,Reunion,2008-05-11,10840000,6.9,109
17,US,NA,14,Reunion,2008-12-14,11740000,7.1,205
18,US,NA,15,Reunion,2009-05-17,11590000,7.5,112
19,US,NA,16,Reunion,2009-12-20,11680000,6.5,103
20,US,NA,15,Reunion,2010-05-16,10650000,7.6,119
21,US,NA,16,Reunion,2010-12-19,11190000,6.6,74
22,US,NA,15,Reunion,2011-05-15,10950000,6.6,89
23,US,NA,16,Reunion,2011-12-18,9920000,6.7,86
24,US,NA,15,Reunion,2012-05-13,7720000,6.3,79
25,US,NA,15,Reunion,2012-12-16,8770000,7.1,187
26,US,NA,15,Reunion,2013-05-12,8130000,5.7,113
27,US,NA,15,Reunion,2013-12-15,7460000,6.4,80
28,US,NA,14,Reunion,2014-05-21,7140000,7,129
29,US,NA,15,Reunion,2014-12-17,7310000,NA,NA
30,US,NA,15,Reunion,2015-05-20,7210000,NA,NA
31,US,NA,15,Reunion,2015-12-16,6490000,NA,NA
32,US,NA,15,Reunion,2016-05-18,6420000,5.9,113
33,US,NA,14,Reunion,2016-12-14,6400000,7.4,144
34,US,NA,13,Reunion,2017-05-24,5840000,7.5,110
35,US,NA,14,Reunion,2017-12-20,5970000,5.2,115
36,US,NA,14,Reunion,2018-05-23,4620000,5.8,102
37,US,NA,14,Reunion,2018-12-19,5170000,7.2,268
38,US,NA,14,Reunion,2019-05-15,4640000,6.8,237
39,US,NA,14,Reunion,2019-12-18,4610000,6.3,101
2,AU,NA,27,Reunion,2017-10-10,508000,8.4,26
3,AU,NA,25,Reunion,2018-10-09,609000,7.8,21
2,SA,NA,14,Reunion,2007-11-14,NA,NA,NA
3,SA,NA,15,Reunion,2010-04-21,NA,NA,NA
4,SA,NA,14,Reunion,2011-05-26,NA,NA,NA
8,SA,NA,17,Reunion,2021-09-16,NA,NA,NA
9,SA,NA,24,Reunion,2022-08-25,NA,8.5,10
